{"timestamps": [1596661261.32114, 1596661267.398556, 1596661271.953088, 1596661274.995989, 1596661291.6153, 1596661296.166596, 1596661324.857466, 1596661327.901577, 1596661353.574996, 1596661370.199121, 1596661400.392637, 1596661412.489875, 1596661420.058233, 1596661423.100631, 1596661430.669302, 1596661436.729372, 1596661441.284644, 1596661447.345316, 1596661473.015079, 1596661486.756926, 1596661492.840862, 1596661497.410355, 1596661503.501446, 1596661508.071262, 1596661512.641987, 1596661518.72853, 1596661526.328339, 1596661530.901546, 1596661535.471804, 1596661541.559022, 1596661544.612416, 1596661553.745909, 1596661556.801603, 1596661573.514592, 1596661585.674638, 1596661590.241952, 1596661593.295682, 1596661597.877379, 1596661603.965418], "initial_reset_timestamp": 1596661256.614692, "episode_types": ["t", "t", "t", "t", "t", "t", "t", "t", "t", "t", "t", "t", "t", "t", "t", "t", "t", "t", "t", "t", "t", "t", "t", "t", "t", "t", "t", "t", "t", "t", "t", "t", "t", "t", "t", "t", "t", "t", "t", "t"], "episode_lengths": [2, 3, 2, 1, 10, 2, 18, 1, 16, 10, 19, 7, 4, 1, 4, 3, 2, 3, 16, 8, 3, 2, 3, 2, 2, 3, 4, 2, 2, 3, 1, 5, 1, 10, 7, 2, 1, 2, 3], "episode_rewards": [-20462.60668277936, -20893.491405937297, -20371.761163809555, -20000.0, -24344.16022059819, -20527.527391489173, -27497.073352285355, -20000.0, -27416.56082802715, -24360.533128660765, -28123.00717452843, -22692.115549870203, -21287.794131410996, -20000.0, -21420.951466952796, -21113.732293271874, -20434.9882671086, -20915.859593433306, -26737.61925490071, -23204.14720656693, -20783.41685602669, -20447.602865923058, -20912.223779502663, -20493.594228701502, -20633.33737379594, -21295.70840342539, -22231.22366443816, -20748.7907304311, -20776.789448122374, -21347.463136293438, -20000.0, -22841.54968009034, -20000.0, -24479.705130977818, -23359.171178741297, -20742.896852490267, -20000.0, -20733.321777540652, -21560.539465096303]}