{"timestamps": [1595406708.542902, 1595406712.608301, 1595406718.690601, 1595406720.735097, 1595406722.783289, 1595406733.900433, 1595406735.944514, 1595406737.98836, 1595406740.035334, 1595406742.08044, 1595406745.134061, 1595406748.184198, 1595406759.302156, 1595406761.346032, 1595406764.40366, 1595406767.454745, 1595406770.507358, 1595406778.600693, 1595406781.653262, 1595406783.697177, 1595406785.74199, 1595406787.784757, 1595406791.844481, 1595406799.938124, 1595406805.011519, 1595406810.081194, 1595406812.127167, 1595406815.177791, 1595406817.221098, 1595406819.266318, 1595406822.317142, 1595406825.368358, 1595406828.420624, 1595406830.465183, 1595406832.51156, 1595406834.554574, 1595406837.608732, 1595406840.661743, 1595406846.745076, 1595406848.790389, 1595406851.840941, 1595406860.942026, 1595406865.004678, 1595406874.102387, 1595406885.332251, 1595406896.545868, 1595406898.600134, 1595406909.805275, 1595406915.926821, 1595406922.044883], "initial_reset_timestamp": 1595406698.412295, "episode_types": ["t", "t", "t", "t", "t", "t", "t", "t", "t", "t", "t", "t", "t", "t", "t", "t", "t", "t", "t", "t", "t", "t", "t", "t", "t", "t", "t", "t", "t", "t", "t", "t", "t", "t", "t", "t", "t", "t", "t", "t", "t", "t", "t", "t", "t", "t", "t", "t", "t", "t"], "episode_lengths": [9, 3, 5, 1, 1, 10, 1, 1, 1, 1, 2, 2, 10, 1, 2, 2, 2, 7, 2, 1, 1, 1, 3, 7, 4, 4, 1, 2, 1, 1, 2, 2, 2, 1, 1, 1, 2, 2, 5, 1, 2, 8, 3, 8, 10, 10, 1, 10, 5, 5], "episode_rewards": [-100.0, -600.0, -400.0, -500.0, -500.0, -750.0, -500.0, -500.0, -500.0, -500.0, -550.0, -550.0, 200.0, -500.0, -550.0, -550.0, -450.0, -600.0, -450.0, -500.0, -500.0, -500.0, -500.0, -500.0, -450.0, -550.0, -500.0, -550.0, -500.0, -500.0, -550.0, -550.0, -550.0, -500.0, -500.0, -500.0, -550.0, -550.0, -400.0, -500.0, -550.0, -650.0, -600.0, -550.0, 500.0, 400.0, -500.0, 200.0, -500.0, -400.0]}